
-- public account
INSERT INTO public.account (uid, email, username, "avatarUrl") VALUES ('zLMEK11qxWhsXUpzIMqgoCpci8E2', 'dirk.metacore@gmail.com', 'dirk.metacore', 'https://res.cloudinary.com/marycloudinary/image/upload/v1647188938/memewallet/new_user.png');
INSERT INTO public.account (uid, email, username, "avatarUrl") VALUES ('IjjE2ni5MVPcGdZ0Mw1w0kMV9fE2', 'stroan20@gmail.com', 'TheRao','https://res.cloudinary.com/marycloudinary/image/upload/v1647188938/memewallet/new_user.png');
INSERT INTO public.account (uid, email, username, "avatarUrl") VALUES ('NgsV6IFDYwVHWxyt2OORgVCDQNJ3', 'raoframe@gmail.com', 'arron','https://res.cloudinary.com/marycloudinary/image/upload/v1647188938/memewallet/new_user.png');
INSERT INTO public.account (uid, email, username, "avatarUrl") VALUES ('tA95AUhYCIY4qerK1Ez4kLuDyyj2', 'stroan93@gmail.com', 'arronstr','https://res.cloudinary.com/marycloudinary/image/upload/v1647188938/memewallet/new_user.png');
INSERT INTO public.account (uid, email, username, "avatarUrl") VALUES ('Ujti1yOL0MhtOh5yJ6clkGE2wW62', 'rao@metacorehealth.com', 'raos','https://res.cloudinary.com/marycloudinary/image/upload/v1647188938/memewallet/new_user.png');
INSERT INTO public.account (uid, email, username, "avatarUrl") VALUES ('mIi5ID1RmLNX6aFGohu9Uo78sKh2', 'mariatua2@gmail.com', 'marytesting','https://res.cloudinary.com/marycloudinary/image/upload/v1647188938/memewallet/new_user.png');
INSERT INTO public.account (uid, email, username, "avatarUrl") VALUES ('aZzV1UA48bWc4T68OO3elYVFyUq1', 'mvortizr@gmail.com', 'mary','https://res.cloudinary.com/marycloudinary/image/upload/v1647188938/memewallet/new_user.png');
INSERT INTO public.account (uid, email, username, "avatarUrl") VALUES ('Rpc4ahEL3HZcRUkPhgdNF0CQ4H33', 'marytest1@gmail.com', 'marytest1','https://res.cloudinary.com/marycloudinary/image/upload/v1647188938/memewallet/new_user.png');
INSERT INTO public.account (uid, email, username, "avatarUrl") VALUES ('EUA0N8p3RlYL7LBuZgOskmkeBsH2', 'marytest2@gmail.com', 'marytest2','https://res.cloudinary.com/marycloudinary/image/upload/v1647188938/memewallet/new_user.png');
INSERT INTO public.account (uid, email, username, "avatarUrl") VALUES ('OYwvaE1UO2fH6I6J6MWsGxZeoMH2', 'marytesting123@gmail.com', 'marytesting123','https://res.cloudinary.com/marycloudinary/image/upload/v1647188938/memewallet/new_user.png');
INSERT INTO public.account (uid, email, username, "avatarUrl") VALUES ('fSQ9CAMcQARz3A739SXz2sJnsSw2', 'mary7@gmail.com', 'mary7','https://res.cloudinary.com/marycloudinary/image/upload/v1647188938/memewallet/new_user.png');
INSERT INTO public.account (uid, email, username, "avatarUrl") VALUES ('HHcTqTMHpLX0gA6IESQKCmWqKoC3', 'straodev@gmail.com', 'reckoners','https://res.cloudinary.com/marycloudinary/image/upload/v1647188938/memewallet/new_user.png');
INSERT INTO public.account (uid, email, username, "avatarUrl") VALUES ('6sjxrjS6hdO1v0v8qU5kZEuUoog2', 'patrick.buchanan.dugan@gmail.com', 'duganist','https://res.cloudinary.com/marycloudinary/image/upload/v1647188938/memewallet/new_user.png');
INSERT INTO public.account (uid, email, username, "avatarUrl") VALUES ('kWcObECxVucz6I3IjvfQocj4mi22', 'rivara.eugenia@gmail.com', 'euge','https://res.cloudinary.com/marycloudinary/image/upload/v1647188938/memewallet/new_user.png');
INSERT INTO public.account (uid, email, username, "avatarUrl") VALUES ('KUs75zHZVDWrRbPusMJIMz1Aaqi2', 'shawn@gmail.com', 'shawn','https://res.cloudinary.com/marycloudinary/image/upload/v1647188938/memewallet/new_user.png');
INSERT INTO public.account (uid, email, username, "avatarUrl") VALUES ('y0NGSz1XkAexvTlTNSU6rzKhtbC3', '13-11020@usb.ve', 'marya','https://res.cloudinary.com/marycloudinary/image/upload/v1647188938/memewallet/new_user.png');
INSERT INTO public.account (uid, email, username, "avatarUrl") VALUES ('bw9nmX9YD2WtZKQZOQbnwZkJzvy1', 'mariatua2@hotmail.com', 'mary10','https://res.cloudinary.com/marycloudinary/image/upload/v1647188938/memewallet/new_user.png');
INSERT INTO public.account (uid, email, username, "avatarUrl") VALUES ('lzX10JlxAkYVkFvD3GL2mxZdKDj1', 'mary11@hotmail.com', 'mary11','https://res.cloudinary.com/marycloudinary/image/upload/v1647188938/memewallet/new_user.png');
INSERT INTO public.account (uid, email, username, "avatarUrl") VALUES ('lFncaqVA3Xh0CfgGWg8TQnFq9A43', 'mary15@hotmail.com', 'mary15','https://res.cloudinary.com/marycloudinary/image/upload/v1647188938/memewallet/new_user.png');
INSERT INTO public.account (uid, email, username, "avatarUrl") VALUES ('EqeANywnlBZyuq45PaOTV2iX4JI2', 'mary17@gotmail.com', 'mary17','https://res.cloudinary.com/marycloudinary/image/upload/v1647188938/memewallet/new_user.png');
INSERT INTO public.account (uid, email, username, "avatarUrl") VALUES ('Ezr1MsMAkAXOgXazaaKjUEXtHaW2', 'mary16@hotmail.com', 'mary16','https://res.cloudinary.com/marycloudinary/image/upload/v1647188938/memewallet/new_user.png');
INSERT INTO public.account (uid, email, username, "avatarUrl") VALUES ('VhE52xdC1agMfjUtlXF40y4Rq9c2', 'mary5555@gmail.com', 'mary5555','https://res.cloudinary.com/marycloudinary/image/upload/v1647188938/memewallet/new_user.png');


-- public address
-- INSERT INTO public.address (id, addressDir, "accountUid") VALUES (1, '0x5Bf823cA5b7E36EcBdb9807502592e6645D70B69', 'IjjE2ni5MVPcGdZ0Mw1w0kMV9fE2');
-- INSERT INTO public.address (id, addressDir, "accountUid") VALUES (2, '0xd36DeaEE2EF17e22e47417d126FAc10843518715', 'IjjE2ni5MVPcGdZ0Mw1w0kMV9fE2');
-- INSERT INTO public.address (id, addressDir, "accountUid") VALUES (3, '0x5639748458f9b69652c4479050259FeE2b5Af815', 'mIi5ID1RmLNX6aFGohu9Uo78sKh2');
-- INSERT INTO public.address (id, addressDir, "accountUid") VALUES (4, '0x910bf8b7b7583a91a73bb3971d70654ed9a2f700', 'zLMEK11qxWhsXUpzIMqgoCpci8E2');
-- INSERT INTO public.address (id, addressDir, "accountUid") VALUES (6, '5e6JaTNpeFCwNGhXPhztHXFewmsKCRHeXJaaMQa4aRnk', 'zLMEK11qxWhsXUpzIMqgoCpci8E2');
-- INSERT INTO public.address (id, addressDir, "accountUid") VALUES (7, '0x555853680F333E238E0E05e229AE1e5a25Cb1A81', '6sjxrjS6hdO1v0v8qU5kZEuUoog2');
-- INSERT INTO public.address (id, addressDir, "accountUid") VALUES (8, '0x3e8e97B0a4215ed4E4a79438E3Dcb3a2f15e6455', 'y0NGSz1XkAexvTlTNSU6rzKhtbC3');
-- INSERT INTO public.address (id, addressDir, "accountUid") VALUES (11, '0x3e8e97b0a4215ed4e4a79438e3dcb3a2f15e6455', 'lFncaqVA3Xh0CfgGWg8TQnFq9A43');

-- public profile info
INSERT INTO public."profileInfo" (id, "bannerUrl", "profileDescription", website, "accountUid") VALUES (DEFAULT, 'https://res.cloudinary.com/marycloudinary/image/upload/v1647188994/memewallet/default_banner.jpg', null, null, 'zLMEK11qxWhsXUpzIMqgoCpci8E2');
INSERT INTO public."profileInfo" (id, "bannerUrl", "profileDescription", website, "accountUid") VALUES (DEFAULT, 'https://res.cloudinary.com/marycloudinary/image/upload/v1647188994/memewallet/default_banner.jpg', null, null, 'IjjE2ni5MVPcGdZ0Mw1w0kMV9fE2');
INSERT INTO public."profileInfo" (id, "bannerUrl", "profileDescription", website, "accountUid") VALUES (DEFAULT, 'https://res.cloudinary.com/marycloudinary/image/upload/v1647188994/memewallet/default_banner.jpg', null, null, 'NgsV6IFDYwVHWxyt2OORgVCDQNJ3');
INSERT INTO public."profileInfo" (id, "bannerUrl", "profileDescription", website, "accountUid") VALUES (DEFAULT, 'https://res.cloudinary.com/marycloudinary/image/upload/v1647188994/memewallet/default_banner.jpg', null, null, 'tA95AUhYCIY4qerK1Ez4kLuDyyj2');
INSERT INTO public."profileInfo" (id, "bannerUrl", "profileDescription", website, "accountUid") VALUES (DEFAULT, 'https://res.cloudinary.com/marycloudinary/image/upload/v1647188994/memewallet/default_banner.jpg', null, null, 'Ujti1yOL0MhtOh5yJ6clkGE2wW62');
INSERT INTO public."profileInfo" (id, "bannerUrl", "profileDescription", website, "accountUid") VALUES (DEFAULT, 'https://res.cloudinary.com/marycloudinary/image/upload/v1647188994/memewallet/default_banner.jpg', null, null, 'mIi5ID1RmLNX6aFGohu9Uo78sKh2');
INSERT INTO public."profileInfo" (id, "bannerUrl", "profileDescription", website, "accountUid") VALUES (DEFAULT, 'https://res.cloudinary.com/marycloudinary/image/upload/v1647188994/memewallet/default_banner.jpg', null, null, 'aZzV1UA48bWc4T68OO3elYVFyUq1');
INSERT INTO public."profileInfo" (id, "bannerUrl", "profileDescription", website, "accountUid") VALUES (DEFAULT, 'https://res.cloudinary.com/marycloudinary/image/upload/v1647188994/memewallet/default_banner.jpg', null, null, 'Rpc4ahEL3HZcRUkPhgdNF0CQ4H33');
INSERT INTO public."profileInfo" (id, "bannerUrl", "profileDescription", website, "accountUid") VALUES (DEFAULT, 'https://res.cloudinary.com/marycloudinary/image/upload/v1647188994/memewallet/default_banner.jpg', null, null, 'EUA0N8p3RlYL7LBuZgOskmkeBsH2');
INSERT INTO public."profileInfo" (id, "bannerUrl", "profileDescription", website, "accountUid") VALUES (DEFAULT, 'https://res.cloudinary.com/marycloudinary/image/upload/v1647188994/memewallet/default_banner.jpg', null, null, 'OYwvaE1UO2fH6I6J6MWsGxZeoMH2');
INSERT INTO public."profileInfo" (id, "bannerUrl", "profileDescription", website, "accountUid") VALUES (DEFAULT, 'https://res.cloudinary.com/marycloudinary/image/upload/v1647188994/memewallet/default_banner.jpg', null, null, 'fSQ9CAMcQARz3A739SXz2sJnsSw2');
INSERT INTO public."profileInfo" (id, "bannerUrl", "profileDescription", website, "accountUid") VALUES (DEFAULT, 'https://res.cloudinary.com/marycloudinary/image/upload/v1647188994/memewallet/default_banner.jpg', null, null, 'HHcTqTMHpLX0gA6IESQKCmWqKoC3');
INSERT INTO public."profileInfo" (id, "bannerUrl", "profileDescription", website, "accountUid") VALUES (DEFAULT, 'https://res.cloudinary.com/marycloudinary/image/upload/v1647188994/memewallet/default_banner.jpg', null, null, '6sjxrjS6hdO1v0v8qU5kZEuUoog2');
INSERT INTO public."profileInfo" (id, "bannerUrl", "profileDescription", website, "accountUid") VALUES (DEFAULT, 'https://res.cloudinary.com/marycloudinary/image/upload/v1647188994/memewallet/default_banner.jpg', null, null, 'kWcObECxVucz6I3IjvfQocj4mi22');
INSERT INTO public."profileInfo" (id, "bannerUrl", "profileDescription", website, "accountUid") VALUES (DEFAULT, 'https://res.cloudinary.com/marycloudinary/image/upload/v1647188994/memewallet/default_banner.jpg', null, null, 'KUs75zHZVDWrRbPusMJIMz1Aaqi2');
INSERT INTO public."profileInfo" (id, "bannerUrl", "profileDescription", website, "accountUid") VALUES (DEFAULT, 'https://res.cloudinary.com/marycloudinary/image/upload/v1647188994/memewallet/default_banner.jpg', null, null, 'y0NGSz1XkAexvTlTNSU6rzKhtbC3');
INSERT INTO public."profileInfo" (id, "bannerUrl", "profileDescription", website, "accountUid") VALUES (DEFAULT, 'https://res.cloudinary.com/marycloudinary/image/upload/v1647188994/memewallet/default_banner.jpg', null, null, 'bw9nmX9YD2WtZKQZOQbnwZkJzvy1');
INSERT INTO public."profileInfo" (id, "bannerUrl", "profileDescription", website, "accountUid") VALUES (DEFAULT, 'https://res.cloudinary.com/marycloudinary/image/upload/v1647188994/memewallet/default_banner.jpg', null, null, 'lzX10JlxAkYVkFvD3GL2mxZdKDj1');
INSERT INTO public."profileInfo" (id, "bannerUrl", "profileDescription", website, "accountUid") VALUES (DEFAULT, 'https://res.cloudinary.com/marycloudinary/image/upload/v1647188994/memewallet/default_banner.jpg', null, null, 'lFncaqVA3Xh0CfgGWg8TQnFq9A43');
INSERT INTO public."profileInfo" (id, "bannerUrl", "profileDescription", website, "accountUid") VALUES (DEFAULT, 'https://res.cloudinary.com/marycloudinary/image/upload/v1647188994/memewallet/default_banner.jpg', null, null, 'EqeANywnlBZyuq45PaOTV2iX4JI2');
INSERT INTO public."profileInfo" (id, "bannerUrl", "profileDescription", website, "accountUid") VALUES (DEFAULT, 'https://res.cloudinary.com/marycloudinary/image/upload/v1647188994/memewallet/default_banner.jpg', null, null, 'Ezr1MsMAkAXOgXazaaKjUEXtHaW2');
INSERT INTO public."profileInfo" (id, "bannerUrl", "profileDescription", website, "accountUid") VALUES (DEFAULT, 'https://res.cloudinary.com/marycloudinary/image/upload/v1647188994/memewallet/default_banner.jpg', null, null, 'VhE52xdC1agMfjUtlXF40y4Rq9c2');

-- pinned NFTs
INSERT INTO public.pinned (id, "accountUid", "addressId", "contractAddress", "tokenId") VALUES (DEFAULT, 'VhE52xdC1agMfjUtlXF40y4Rq9c2', 7, '0x0c5f4b37b32993f7923569c1a7605c3a67ca6bc9', '72');
INSERT INTO public.pinned (id, "accountUid", "addressId", "contractAddress", "tokenId") VALUES (DEFAULT, 'VhE52xdC1agMfjUtlXF40y4Rq9c2', 7, '0x0c5f4b37b32993f7923569c1a7605c3a67ca6bc9', '71');
INSERT INTO public.pinned (id, "accountUid", "addressId", "contractAddress", "tokenId") VALUES (DEFAULT, 'VhE52xdC1agMfjUtlXF40y4Rq9c2', 7, '0x0c5f4b37b32993f7923569c1a7605c3a67ca6bc9', '70');
INSERT INTO public.pinned (id, "accountUid", "addressId", "contractAddress", "tokenId") VALUES (DEFAULT, 'VhE52xdC1agMfjUtlXF40y4Rq9c2', 7, '0x0c5f4b37b32993f7923569c1a7605c3a67ca6bc9', '69');

-- addresses
INSERT INTO public.address (id, "addressDir", "accountUid") VALUES (DEFAULT, '0x3e8e97B0a4215ed4E4a79438E3Dcb3a2f15e6455', 'VhE52xdC1agMfjUtlXF40y4Rq9c2');
INSERT INTO public.address (id, "addressDir", "accountUid") VALUES (DEFAULT, '0x12D5fBf4dC71d96D6F9Bd4C2E80e958a31df8622', 'VhE52xdC1agMfjUtlXF40y4Rq9c2');
INSERT INTO public.address (id, "addressDir", "accountUid") VALUES (DEFAULT, '0x860068c363a8B8E2d33Ac470EF3C5BcD8B58597C', 'VhE52xdC1agMfjUtlXF40y4Rq9c2');
INSERT INTO public.address (id, "addressDir", "accountUid") VALUES (DEFAULT, '0xe691aA7a471F616Bd7c210f1C4c4042f2a06feb0', 'VhE52xdC1agMfjUtlXF40y4Rq9c2');


-- tradeId
INSERT INTO public.trade ("tradeId", "itemId", price, royalty, status, "tokenId", "nftContract", "createdDate", "soldDate", "cancelledDate", "addressCreated", "addressSold") VALUES (6, 2, 1000, 10, 'Open', '71', '0x0c5f4b37b32993f7923569c1a7605c3a67ca6bc9', '2022-04-24 23:13:13.989712 +00:00', '2022-04-25 01:53:14.909180 +00:00', '2022-04-25 01:45:24.044701 +00:00', 7, 2);
INSERT INTO public.trade ("tradeId", "itemId", price, royalty, status, "tokenId", "nftContract", "createdDate", "soldDate", "cancelledDate", "addressCreated", "addressSold") VALUES (7, 2, 1000, 10, 'Open', '5', '0x8e7484ce16694c60338036981af131995b324a2a', '2022-04-24 23:13:13.989712 +00:00', '2022-04-25 01:53:14.909180 +00:00', '2022-04-25 01:45:24.044701 +00:00', 7, 2);
INSERT INTO public.trade ("tradeId", "itemId", price, royalty, status, "tokenId", "nftContract", "createdDate", "soldDate", "cancelledDate", "addressCreated", "addressSold") VALUES (8, 2, 1000, 10, 'Open', '0', '0x8ab8f7cc548e8d6f96a9e85bdcd71932963602c2', '2022-04-24 23:13:13.989712 +00:00', '2022-04-25 01:53:14.909180 +00:00', '2022-04-25 01:45:24.044701 +00:00', 7, 2);
INSERT INTO public.trade ("tradeId", "itemId", price, royalty, status, "tokenId", "nftContract", "createdDate", "soldDate", "cancelledDate", "addressCreated", "addressSold") VALUES (9, 2, 1000, 10, 'Open', '72', '0x0c5f4b37b32993f7923569c1a7605c3a67ca6bc9', '2022-04-24 23:13:13.989712 +00:00', '2022-04-25 01:53:14.909180 +00:00', '2022-04-25 01:45:24.044701 +00:00', 2, 7);
INSERT INTO public.trade ("tradeId", "itemId", price, royalty, status, "tokenId", "nftContract", "createdDate", "soldDate", "cancelledDate", "addressCreated", "addressSold") VALUES (10, 2, 1000, 10, 'Open', '1', '0x422498e6bbc7e0cf5a72755efbdeac38a47c4885', '2022-04-24 23:13:13.989712 +00:00', '2022-04-25 01:53:14.909180 +00:00', '2022-04-25 01:45:24.044701 +00:00', 2, 7);
-- INSERT INTO public.trade ("tradeId", "itemId", price, royalty, status, "tokenId", "nftContract", "createdDate", "soldDate", "cancelledDate", "addressCreated", "addressSold") VALUES (6, 2, 1000, 10, 'Open', '17', '123', '2022-04-24 23:13:13.989712 +00:00', '2022-04-25 01:53:14.909180 +00:00', '2022-04-25 01:45:24.044701 +00:00', 2, 7);
-- INSERT INTO public.trade ("tradeId", "itemId", price, royalty, status, "tokenId", "nftContract", "createdDate", "soldDate", "cancelledDate", "addressCreated", "addressSold") VALUES (7, 2, 1000, 10, 'Open', '17', '123', '2022-04-24 23:13:13.989712 +00:00', '2022-04-25 01:53:14.909180 +00:00', '2022-04-25 01:45:24.044701 +00:00', 2, 7);
-- INSERT INTO public.trade ("tradeId", "itemId", price, royalty, status, "tokenId", "nftContract", "createdDate", "soldDate", "cancelledDate", "addressCreated", "addressSold") VALUES (8, 2, 1000, 10, 'Open', '17', '123', '2022-04-24 23:13:13.989712 +00:00', '2022-04-25 01:53:14.909180 +00:00', '2022-04-25 01:45:24.044701 +00:00', 2, 7);
-- INSERT INTO public.trade ("tradeId", "itemId", price, royalty, status, "tokenId", "nftContract", "createdDate", "soldDate", "cancelledDate", "addressCreated", "addressSold") VALUES (9, 2, 1000, 10, 'Open', '17', '123', '2022-04-24 23:13:13.989712 +00:00', '2022-04-25 01:53:14.909180 +00:00', '2022-04-25 01:45:24.044701 +00:00', 2, 7);
-- INSERT INTO public.trade ("tradeId", "itemId", price, royalty, status, "tokenId", "nftContract", "createdDate", "soldDate", "cancelledDate", "addressCreated", "addressSold") VALUES (10, 2, 1000, 10, 'Open', '17', '123', '2022-04-24 23:13:13.989712 +00:00', '2022-04-25 01:53:14.909180 +00:00', '2022-04-25 01:45:24.044701 +00:00', 2, 7);
-- INSERT INTO public.trade ("tradeId", "itemId", price, royalty, status, "tokenId", "nftContract", "createdDate", "soldDate", "cancelledDate", "addressCreated", "addressSold") VALUES (11, 2, 1000, 10, 'Open', '17', '123', '2022-04-24 23:13:13.989712 +00:00', '2022-04-25 01:53:14.909180 +00:00', '2022-04-25 01:45:24.044701 +00:00', 2, 7);
-- INSERT INTO public.trade ("tradeId", "itemId", price, royalty, status, "tokenId", "nftContract", "createdDate", "soldDate", "cancelledDate", "addressCreated", "addressSold") VALUES (12, 2, 1000, 10, 'Open', '17', '123', '2022-04-24 23:13:13.989712 +00:00', '2022-04-25 01:53:14.909180 +00:00', '2022-04-25 01:45:24.044701 +00:00', 2, 7);
